Player ID,Timestamp,Rank,Player name,Guess rate,Usefulness,erigs,0/8s,7/8s,avg/8,# 3/8s or below,OP guess rate,ED guess rate,IN guess rate,Lives taken,Lives saved,Total hit,Total songs,WIN,LOSE,TIE
4,2026-03-07 22:02:31,157.82,watashiii,70.068,296.323,20,22,0,3.221,66,0,0,70.068,24,39,103,147,3,9,0
16,2026-06-03 21:55:49,90.0,yahallonyanpasu,36.552,114.703,10,36,2,3.245,33,0,0,36.552,17,13,53,145,4,2,0
20,2026-02-06 06:03:08,15.5,kar72,37.037,12.691,3,29,0,4.14,21,0,0,37.037,5,9,50,135,5,1,0
21,2026-02-06 06:03:08,21.562,PoolNoodle,63.492,27.109,15,26,1,3.171,53,0,0,63.492,18,32,80,133,2,10,0
33,2026-03-07 22:02:31,126.54,Tsui,42.222,101.184,6,47,1,4.25,38,0,0,42.222,13,18,76,180,12,6,0
34,2026-06-03 21:55:49,140.0,YuriMeguri,52.586,156.504,14,23,0,3.904,31,0,0,52.586,16,14,61,116,5,7,0
37,2026-01-04 22:04:34,9.915,claydoll1091,30.675,8.186,6,42,1,4.32,19,0,0,30.675,9,8,50,163,3,3,0
38,2026-05-24 17:59:02,90.0,Diukes,19.463,43.502,3,41,0,4.448,8,0,0,19.463,4,1,29,149,2,4,0
46,2026-05-24 17:59:02,107.63,Orfey,30.4,105.334,7,46,1,3.605,26,0,0,30.4,10,15,45,149,9,9,0
49,2026-06-03 21:55:49,98.44,accelerator11,42.331,121.801,15,33,1,4.2,37,0,0,42.331,19,13,69,163,13,5,0
50,2026-05-24 17:59:02,130.0,Sniparook,37.179,108.452,5,46,0,3.845,30,0,0,37.179,6,21,58,156,1,3,2
51,2026-05-24 17:59:02,120.97,Chata,53.521,181.235,16,33,0,4.0,41,0,0,53.521,20,17,76,163,15,2,1
59,2026-05-24 17:59:02,118.3,neoburnz,45.098,81.148,6,48,0,4.636,32,0,0,45.098,12,16,69,159,9,7,2
64,2026-05-24 17:59:02,130.0,Yokipi,38.926,127.68,9,41,1,3.552,30,0,0,38.926,12,11,58,149,2,4,0
66,2026-01-09 05:13:22,10.161,bamboo,36.81,8.15,3,33,0,4.744,18,0,0,36.81,6,7,60,163,8,4,0
70,2026-06-03 21:55:49,90.76,MahiruShiina,37.805,55.514,11,38,1,4.27,35,0,0,37.805,18,13,62,164,4,14,0
77,2026-01-09 05:13:22,13.0,neptune,34.969,8.515,2,47,0,4.404,22,0,0,34.969,5,14,57,163,2,3,1
78,2026-01-09 05:13:22,11.648,doomchicken,35.294,10.028,7,36,0,4.13,24,0,0,35.294,11,8,54,153,3,2,1
79,2026-06-03 21:55:49,100.0,JuliAless64,36.8,115.812,3,25,0,4.316,23,0,0,36.8,9,10,46,125,5,7,0
82,2026-05-24 17:59:02,110.0,ShiinaMahiru,37.736,77.668,0,48,0,4.567,21,0,0,37.736,8,7,60,159,2,3,1
84,2026-01-04 22:04:34,12.52,Alkios,30.0,7.654,3,47,0,4.315,22,0,0,30,10,7,54,180,4,2,0
87,2026-05-24 17:59:02,105.0,Beokros,23.077,61.16,4,46,0,4.167,14,0,0,23.077,4,5,36,156,1,3,2
91,2026-06-03 21:55:49,95.57,Baikinman,32.593,57.775,7,36,0,4.238,23,0,0,32.593,11,9,44,145,7,5,0
98,2026-01-04 22:04:34,9.598,Comete,24.39,5.896,1,38,0,4.225,16,0,0,24.39,6,3,40,164,1,5,0
103,2026-02-06 06:03:08,14.0,mrwolf2,29.677,10.086,5,28,2,4.13,15,0,0,29.677,6,5,46,155,4,2,0
104,2026-03-07 22:02:31,111.26,joey,31.373,62.114,8,36,1,4.211,23,0,0,31.373,11,9,48,153,6,11,1
106,2026-02-06 06:03:08,13.0,cafezinho,30.37,10.019,2,29,1,4.268,17,0,0,30.37,4,10,41,135,5,1,0
115,2026-06-03 21:55:49,118.14,Saiki,28.221,51.572,14,42,2,4.565,6,0,0,28.221,17,7,46,163,10,14,0
119,2026-06-03 21:55:49,109.36,Fumiii,32.8,86.806,4,48,1,4.628,22,0,0,32.8,9,10,50,159,14,9,1
121,2026-01-19 20:30:37,6.945,Janoxx,11.852,2.527,2,38,1,4.312,5,0,0,11.852,2,2,16,135,3,3,0
134,2026-02-06 06:03:08,10.0,Jakemonkey,19.549,7.718,3,23,0,3.769,14,0,0,19.549,5,7,26,133,0,6,0
143,2026-05-24 17:59:02,102.13,mahzrunner,31.902,69.11,3,42,1,4.712,8,0,0,31.902,7,10,52,163,14,9,1
147,2026-01-19 20:30:37,7.774,thjalago,18.045,4.218,3,38,2,4.375,9,0,0,18.045,6,2,24,133,2,4,0
149,2026-01-09 05:13:22,9.365,Zozo,29.448,6.919,3,47,0,4.562,16,0,0,29.448,5,7,48,163,2,3,1
150,2026-06-03 21:55:49,69.28,Bommie,20.122,36.329,1,38,0,4.545,7,0,0,20.122,5,5,33,164,3,9,0
171,2026-06-03 21:55:49,76.7,JustAWeirdo,18.182,20.0,3,46,2,5.75,6,0,0,9.023,5,3,22,163,15,21,0
177,2026-02-06 06:03:08,13.0,oh95,29.032,10.031,4,28,0,4.156,17,0,0,29.032,4,8,45,155,4,2,0
217,2026-05-24 17:59:02,74.12,ShelterRin,21.477,46.36,1,47,0,5.353,5,0,0,21.477,1,6,34,163,4,7,1
230,2026-02-06 06:03:08,12.0,BigSmo,24.444,9.267,6,29,0,4.303,14,0,0,24.444,8,3,33,135,5,1,0
274,2026-06-03 21:55:49,93.0,Mami,25.352,60.794,3,37,1,3.917,19,0,0,25.352,5,10,36,142,1,5,0
286,2026-01-19 20:30:37,8.51,Lakumix,24.812,5.467,3,38,0,4.455,12,0,0,24.812,7,1,33,133,2,4,0
289,2026-03-07 22:02:31,95.97,Provenance,31.405,52.107,3,47,1,4.725,20,0,0,31.405,7,9,42,164,9,14,1
291,2026-01-19 20:30:37,8.692,ss_r_white_pony,23.704,6.238,4,38,0,3.812,14,0,0,23.704,7,5,32,135,3,3,0
292,2026-03-07 22:02:31,83.86,FeyFey,19.259,32.914,4,36,4,5.227,6,0,0,19.259,7,4,26,147,7,11,0
311,2026-02-06 06:03:08,12.0,beautiful,22.556,8.129,3,23,0,3.967,12,0,0,22.556,7,3,30,133,0,6,0
318,2026-01-04 22:04:34,9.879,Nephirea,27.607,5.027,1,42,0,4.867,10,0,0,27.607,4,2,45,163,3,3,0
335,2026-05-24 17:59:02,75.0,xeyz,17.606,27.925,0,33,4,5.08,6,0,0,17.606,3,1,25,142,5,0,1
336,2026-02-06 06:03:08,10.0,fiftypercentweeb,23.967,7.082,0,22,0,4.276,13,0,0,23.967,3,4,29,121,3,3,0
347,2026-06-03 21:55:49,91.63,Selaph,37.857,84.419,4,33,0,4.283,24,0,0,37.857,11,13,53,140,9,3,0
353,2026-03-07 22:02:31,91.22,Solosion,22.321,42.801,2,46,1,4.84,4,0,0,22.321,7,2,27,133,7,5,0
357,2026-05-24 17:59:02,86.05,chommy,19.014,37.162,4,47,4,5.037,9,0,0,19.014,7,3,27,180,13,9,2
379,2026-02-06 06:03:08,11.0,CipherKai,27.407,8.028,1,29,0,4.514,15,0,0,27.407,4,6,37,135,5,1,0
391,2026-02-06 06:03:08,8.0,rinshantsumo,6.015,1.529,0,23,2,4.5,2,0,0,6.015,1,0,8,133,0,6,0
394,2026-05-24 17:59:02,105.0,Komari,30.282,67.19,3,33,1,4.512,14,0,0,30.282,6,6,43,142,5,0,1
398,2026-01-04 22:04:34,8.0,kabao,21.111,4.61,2,47,1,4.763,13,0,0,21.111,6,7,38,180,4,2,0
399,2026-06-03 21:55:49,66.47,ElJuanchi,16.552,29.387,2,36,0,4.583,7,0,0,16.552,6,3,24,145,7,5,0
410,2026-01-09 05:13:22,4.915,FoopyPoopy,5.556,1.739,1,26,2,3.857,3,0,0,5.556,1,1,7,126,2,4,0
430,2026-03-07 22:02:31,100.0,HaruUrara,32.394,86.71,2,26,0,4.217,22,0,0,32.394,6,5,46,142,6,0,0
431,2026-06-03 21:55:49,63.75,Luna,18.248,28.747,0,48,4,5.8,6,0,0,9.804,2,3,29,159,10,6,2
441,2026-05-24 17:59:02,80.0,Dav1d,14.744,27.83,0,46,1,4.739,8,0,0,14.744,1,2,23,156,1,3,2
453,2026-06-03 21:55:49,60.42,RyoutaVN,21.127,36.282,1,37,1,4.88,9,0,0,21.127,3,5,30,155,5,7,0
505,2026-06-03 21:55:49,75.0,MaikaSasaki,20.69,49.978,3,36,0,4.0,13,0,0,20.69,5,6,30,145,4,2,0
